speciesName,id,baseHP,baseAttack,baseDefense,baseSpeed,baseSpAttack,baseSpDefense,type0,type1,moves
??????????,0,0,0,0,0,0,0,0,0,"[33, 45, 73, 22, 77, 79, 75, 230, 74, 235, 76]"
BULBASAUR,1,45,49,49,45,65,65,12,3,"[14, 34, 38, 102, 164, 173, 203, 189, 207, 214, 111, 210, 33, 45, 73, 22, 77, 79, 75, 230, 74, 235, 76]"
IVYSAUR,2,60,62,63,60,80,80,12,3,"[14, 34, 38, 102, 164, 173, 203, 189, 207, 214, 111, 210, 33, 45, 73, 22, 77, 79, 75, 230, 74, 235, 76]"
VENUSAUR,3,80,82,83,80,100,100,12,3,"[14, 34, 38, 102, 164, 173, 203, 189, 207, 214, 111, 210, 33, 45, 73, 22, 77, 79, 75, 230, 74, 235, 76]"
CHARMANDER,4,39,52,43,65,60,50,10,10,"[5, 14, 25, 34, 38, 68, 69, 102, 157, 164, 223, 173, 203, 189, 207, 214, 129, 111, 7, 210, 10, 45, 52, 108, 99, 184, 53, 163, 82, 83]"
CHARMELEON,5,58,64,58,80,80,65,10,10,"[5, 14, 25, 34, 38, 68, 69, 102, 157, 164, 223, 173, 203, 189, 207, 214, 129, 111, 7, 210, 10, 45, 52, 108, 99, 184, 53, 163, 82, 83]"
CHARIZARD,6,78,84,78,100,109,85,10,2,"[5, 14, 25, 34, 38, 68, 69, 102, 157, 164, 223, 173, 203, 189, 207, 214, 129, 111, 7, 210, 10, 45, 52, 108, 99, 184, 53, 17, 163, 82, 83]"
SQUIRTLE,7,44,48,65,43,50,64,11,11,"[5, 25, 34, 38, 68, 69, 102, 164, 223, 205, 173, 196, 203, 189, 8, 207, 214, 111, 33, 39, 145, 110, 55, 44, 229, 182, 240, 130, 56]"
WARTORTLE,8,59,63,80,58,65,80,11,11,"[5, 25, 34, 38, 68, 69, 102, 164, 223, 205, 173, 196, 203, 189, 8, 207, 214, 111, 33, 39, 145, 110, 55, 44, 229, 182, 240, 130, 56]"
BLASTOISE,9,79,83,100,78,85,105,11,11,"[5, 25, 34, 38, 68, 69, 102, 164, 223, 205, 173, 196, 203, 189, 8, 207, 214, 111, 33, 39, 145, 110, 55, 44, 229, 182, 240, 130, 56]"
CATERPIE,10,45,30,35,45,20,20,6,6,"[33, 81]"
METAPOD,11,50,20,55,30,25,25,6,6,[106]
BUTTERFREE,12,60,45,50,70,80,80,6,2,"[38, 102, 138, 164, 173, 203, 207, 214, 129, 93, 77, 78, 79, 48, 18, 16, 60, 219, 318]"
WEEDLE,13,40,35,30,50,20,20,6,3,"[40, 81]"
KAKUNA,14,45,25,50,35,25,25,6,3,[106]
BEEDRILL,15,65,80,40,75,45,80,6,3,"[14, 38, 102, 164, 173, 203, 207, 214, 129, 210, 31, 116, 41, 99, 228, 42, 97, 283]"
PIDGEY,16,40,45,40,56,35,35,0,2,"[38, 102, 164, 173, 203, 189, 207, 214, 129, 33, 28, 16, 98, 18, 17, 297, 97, 119]"
PIDGEOTTO,17,63,60,55,71,50,50,0,2,"[38, 102, 164, 173, 203, 189, 207, 214, 129, 33, 28, 16, 98, 18, 17, 297, 97, 119]"
PIDGEOT,18,83,80,75,91,70,70,0,2,"[38, 102, 164, 173, 203, 189, 207, 214, 129, 33, 28, 16, 98, 18, 17, 297, 97, 119]"
RATTATA,19,30,56,35,72,25,35,0,0,"[34, 38, 68, 102, 86, 164, 173, 196, 203, 189, 207, 214, 129, 111, 33, 39, 98, 158, 116, 228, 162, 283]"
RATICATE,20,55,81,60,97,50,70,0,0,"[34, 38, 68, 102, 86, 164, 173, 196, 203, 189, 207, 214, 129, 111, 33, 39, 98, 158, 184, 228, 162, 283]"
SPEAROW,21,40,60,30,70,31,31,0,2,"[38, 102, 164, 173, 203, 189, 207, 214, 129, 64, 45, 43, 31, 228, 332, 119, 65, 97]"
FEAROW,22,65,90,65,100,61,61,0,2,"[38, 102, 164, 173, 203, 189, 207, 214, 129, 64, 45, 43, 31, 228, 119, 65, 97]"
EKANS,23,35,60,44,55,40,54,3,3,"[34, 38, 102, 157, 164, 173, 203, 207, 214, 35, 43, 40, 44, 137, 103, 51, 254, 256, 255, 114]"
ARBOK,24,60,85,69,80,65,79,3,3,"[34, 38, 102, 157, 164, 173, 203, 207, 214, 35, 43, 40, 44, 137, 103, 51, 254, 256, 255, 114]"
PIKACHU,25,35,55,30,90,50,40,13,13,"[5, 25, 34, 38, 68, 69, 102, 86, 164, 223, 205, 173, 203, 189, 207, 214, 129, 111, 9, 84, 45, 39, 98, 104, 21, 85, 97, 87, 113]"
RAICHU,26,60,90,55,100,90,80,13,13,"[5, 25, 34, 38, 68, 69, 102, 86, 164, 223, 205, 173, 203, 189, 207, 214, 129, 111, 9, 84, 39, 98, 85]"
SANDSHREW,27,50,75,85,40,20,30,4,4,"[14, 34, 38, 68, 69, 102, 157, 164, 223, 205, 173, 203, 189, 207, 214, 129, 111, 210, 10, 28, 40, 163, 154, 328, 201]"
SANDSLASH,28,75,100,110,65,45,55,4,4,"[14, 34, 38, 68, 69, 102, 157, 164, 223, 205, 173, 203, 189, 207, 214, 129, 111, 210, 10, 28, 40, 163, 154, 328, 201]"
NIDORAN?,29,55,47,52,41,40,40,3,3,"[34, 38, 68, 102, 164, 173, 203, 189, 207, 214, 111, 45, 10, 39, 24, 40, 44, 270, 154, 260, 242]"
NIDORINA,30,70,62,67,56,55,55,3,3,"[34, 38, 68, 102, 164, 173, 203, 189, 207, 214, 111, 45, 10, 39, 24, 40, 44, 270, 154, 260, 242]"
NIDOQUEEN,31,90,82,87,76,75,85,3,4,"[5, 25, 34, 38, 68, 69, 102, 157, 164, 223, 173, 196, 203, 189, 8, 207, 214, 111, 9, 7, 210, 10, 39, 24, 40]"
NIDORAN?,32,46,57,40,50,40,40,3,3,"[34, 38, 68, 102, 164, 173, 203, 189, 207, 214, 111, 43, 64, 116, 24, 40, 30, 270, 31, 260, 32]"
NIDORINO,33,61,72,57,65,55,55,3,3,"[34, 38, 68, 102, 164, 173, 203, 189, 207, 214, 111, 43, 64, 116, 24, 40, 30, 270, 31, 260, 32]"
NIDOKING,34,81,92,77,85,85,75,3,4,"[5, 25, 34, 38, 68, 69, 102, 157, 164, 223, 173, 196, 203, 189, 8, 207, 214, 111, 9, 7, 210, 64, 116, 24, 40, 37]"
CLEFAIRY,35,70,45,48,35,60,65,0,0,"[5, 25, 34, 38, 68, 69, 102, 118, 135, 138, 86, 164, 223, 205, 244, 173, 203, 189, 8, 207, 214, 111, 9, 7, 1, 45, 227, 47, 3, 266, 107, 322, 236, 113, 309]"
CLEFABLE,36,95,70,73,60,85,90,0,0,"[5, 25, 34, 38, 68, 69, 102, 118, 135, 138, 86, 164, 223, 205, 244, 173, 203, 189, 8, 207, 214, 111, 9, 7, 47, 3, 107]"
VULPIX,37,38,41,40,65,50,65,10,10,"[34, 38, 102, 164, 173, 203, 207, 214, 129, 52, 39, 46, 98, 261, 109, 286, 53, 219, 288, 83]"
NINETALES,38,73,76,75,100,81,100,10,10,"[34, 38, 102, 164, 173, 203, 207, 214, 129, 52, 98, 109, 219, 83]"
JIGGLYPUFF,39,115,45,20,20,45,25,0,0,"[5, 25, 34, 38, 68, 69, 102, 138, 86, 164, 223, 205, 244, 173, 203, 189, 8, 207, 214, 111, 9, 7, 47, 1, 50, 3, 156, 304]"
WIGGLYTUFF,40,140,70,45,45,75,50,0,0,"[5, 25, 34, 38, 68, 69, 102, 138, 86, 164, 223, 205, 244, 173, 203, 189, 8, 207, 214, 111, 9, 7, 47, 50, 3]"
ZUBAT,41,40,45,35,55,30,40,3,2,"[38, 102, 164, 173, 203, 207, 214, 129, 141, 48, 310, 44, 17, 109, 314, 212, 305, 114]"
GOLBAT,42,75,80,70,90,65,75,3,2,"[38, 102, 164, 173, 203, 207, 214, 129, 103, 141, 48, 310, 44, 17, 109, 314, 212, 305, 114]"
ODDISH,43,45,50,55,30,75,65,12,3,"[14, 38, 102, 164, 173, 203, 207, 214, 71, 230, 77, 78, 79, 51, 236, 80]"
GLOOM,44,60,65,70,40,85,75,12,3,"[14, 38, 102, 164, 173, 203, 207, 214, 71, 230, 77, 78, 79, 51, 236, 80]"
VILEPLUME,45,75,80,85,50,100,90,12,3,"[14, 34, 38, 102, 164, 173, 203, 207, 214, 71, 312, 78, 72, 80]"
PARAS,46,35,70,55,25,45,55,6,12,"[14, 34, 38, 68, 102, 164, 173, 203, 207, 214, 210, 10, 78, 77, 141, 147, 163, 74, 202, 312]"
PARASECT,47,60,95,80,30,60,80,6,12,"[14, 34, 38, 68, 102, 164, 173, 203, 207, 214, 210, 10, 78, 77, 141, 147, 163, 74, 202, 312]"
VENONAT,48,60,55,50,45,40,55,6,3,"[38, 102, 164, 173, 203, 207, 214, 129, 33, 50, 193, 48, 93, 77, 141, 78, 60, 79, 94]"
VENOMOTH,49,70,65,60,90,90,75,6,3,"[38, 102, 164, 173, 203, 207, 214, 129, 318, 33, 50, 193, 48, 93, 77, 141, 78, 16, 60, 79, 94]"
DIGLETT,50,10,55,25,95,35,45,4,4,"[34, 38, 102, 157, 164, 173, 203, 189, 207, 214, 10, 28, 45, 222, 91, 163, 89, 90]"
DUGTRIO,51,35,80,50,120,50,70,4,4,"[34, 38, 102, 157, 164, 173, 203, 189, 207, 214, 161, 10, 28, 45, 222, 91, 328, 163, 89, 90]"
MEOWTH,52,40,45,35,90,40,40,0,0,"[34, 38, 102, 138, 164, 244, 173, 196, 203, 189, 207, 214, 129, 111, 10, 45, 44, 6, 185, 103, 154, 163, 252]"
PERSIAN,53,65,70,60,115,65,65,0,0,"[34, 38, 102, 138, 164, 244, 173, 196, 203, 189, 207, 214, 129, 111, 10, 45, 44, 6, 185, 103, 154, 163, 252]"
PSYDUCK,54,50,52,48,55,65,50,11,11,"[5, 25, 34, 38, 68, 69, 102, 164, 223, 244, 173, 196, 203, 189, 8, 207, 214, 129, 346, 10, 39, 50, 93, 103, 154, 56]"
GOLDUCK,55,80,82,78,85,95,80,11,11,"[5, 25, 34, 38, 68, 69, 102, 164, 223, 244, 173, 196, 203, 189, 8, 207, 214, 129, 210, 346, 10, 39, 50, 93, 103, 154, 56]"
MANKEY,56,40,80,35,70,35,45,1,1,"[5, 25, 34, 38, 68, 69, 102, 118, 157, 164, 223, 244, 173, 203, 189, 8, 207, 214, 129, 111, 9, 7, 10, 43, 67, 2, 154, 116, 238, 103, 37]"
PRIMEAPE,57,65,105,60,95,60,70,1,1,"[5, 25, 34, 38, 68, 69, 102, 118, 157, 164, 223, 244, 173, 203, 189, 8, 207, 214, 129, 111, 9, 7, 10, 43, 67, 99, 2, 154, 116, 238, 103, 37]"
GROWLITHE,58,55,70,45,60,70,50,10,10,"[34, 38, 102, 164, 173, 203, 207, 214, 129, 44, 46, 52, 43, 316, 36, 172, 270, 97, 53]"
ARCANINE,59,90,110,80,95,100,80,10,10,"[34, 38, 102, 164, 173, 203, 207, 214, 129, 44, 46, 52, 316, 245]"
POLIWAG,60,40,50,40,90,40,40,11,11,"[34, 38, 102, 164, 173, 196, 203, 207, 214, 111, 145, 95, 55, 3, 240, 187, 56]"
POLIWHIRL,61,65,65,65,90,50,50,11,11,"[5, 25, 34, 38, 68, 69, 102, 118, 164, 173, 196, 203, 189, 8, 207, 214, 111, 145, 95, 55, 3, 240, 187, 56]"
POLIWRATH,62,90,85,95,70,70,90,11,1,"[5, 25, 34, 38, 68, 69, 102, 118, 164, 223, 173, 196, 203, 189, 8, 207, 214, 111, 55, 95, 3, 66, 170]"
ABRA,63,25,20,15,90,105,55,14,14,"[5, 25, 34, 38, 68, 69, 102, 118, 138, 86, 164, 223, 244, 173, 203, 8, 207, 214, 9, 7, 100]"
KADABRA,64,40,35,30,105,120,70,14,14,"[5, 25, 34, 38, 68, 69, 102, 118, 138, 86, 164, 223, 244, 173, 203, 8, 207, 214, 9, 7, 100, 134, 93, 50, 60, 115, 105, 248, 272, 94, 271]"
ALAKAZAM,65,55,50,45,120,135,85,14,14,"[5, 25, 34, 38, 68, 69, 102, 118, 138, 86, 164, 223, 244, 173, 203, 8, 207, 214, 9, 7, 100, 134, 93, 50, 60, 115, 105, 248, 347, 94, 271]"
MACHOP,66,70,80,50,35,35,35,1,1,"[5, 25, 34, 38, 68, 69, 102, 118, 157, 164, 223, 173, 203, 189, 8, 207, 214, 9, 7, 67, 43, 116, 2, 193, 279, 233, 66, 238, 184]"
MACHOKE,67,80,100,70,45,50,60,1,1,"[5, 25, 34, 38, 68, 69, 102, 118, 157, 164, 223, 173, 203, 189, 8, 207, 214, 9, 7, 67, 43, 116, 2, 193, 279, 233, 66, 238, 184]"
MACHAMP,68,90,130,80,55,65,85,1,1,"[5, 25, 34, 38, 68, 69, 102, 118, 157, 164, 223, 173, 203, 189, 8, 207, 214, 9, 7, 67, 43, 116, 2, 193, 279, 233, 66, 238, 184]"
BELLSPROUT,69,50,75,35,40,70,30,12,3,"[14, 38, 102, 164, 173, 203, 207, 214, 22, 74, 35, 79, 77, 78, 51, 230, 75, 21]"
WEEPINBELL,70,65,90,50,55,85,45,12,3,"[14, 38, 102, 164, 173, 203, 207, 214, 22, 74, 35, 79, 77, 78, 51, 230, 75, 21]"
VICTREEBEL,71,80,105,65,70,100,60,12,3,"[14, 34, 38, 102, 164, 173, 203, 207, 214, 22, 79, 230, 75]"
TENTACOOL,72,40,40,35,70,50,100,11,3,"[14, 38, 102, 164, 173, 196, 203, 207, 214, 40, 48, 132, 51, 61, 35, 112, 103, 56]"
TENTACRUEL,73,80,70,65,100,80,120,11,3,"[14, 38, 102, 164, 173, 196, 203, 207, 214, 40, 48, 132, 51, 61, 35, 112, 103, 56]"
GEODUDE,74,40,80,100,20,30,30,5,4,"[5, 34, 38, 68, 69, 102, 118, 153, 157, 164, 223, 205, 173, 203, 189, 207, 214, 111, 7, 33, 300, 88, 222, 120, 350, 89]"
GRAVELER,75,55,95,115,35,45,45,5,4,"[5, 34, 38, 68, 69, 102, 118, 153, 157, 164, 223, 205, 173, 203, 189, 207, 214, 111, 7, 33, 300, 88, 222, 120, 350, 89]"
GOLEM,76,80,110,130,45,55,65,5,4,"[5, 25, 34, 38, 68, 69, 102, 118, 153, 157, 164, 223, 205, 173, 203, 189, 207, 214, 111, 7, 210, 33, 300, 88, 222, 120, 350, 89]"
PONYTA,77,50,85,55,90,65,65,10,10,"[34, 38, 102, 164, 173, 203, 207, 214, 129, 33, 45, 39, 52, 23, 83, 36, 97, 340, 126]"
RAPIDASH,78,65,100,70,105,80,80,10,10,"[34, 38, 102, 164, 173, 203, 207, 214, 129, 33, 45, 39, 52, 23, 83, 36, 97, 31, 340, 126]"
SLOWPOKE,79,90,65,65,15,40,40,11,14,"[34, 38, 102, 138, 86, 164, 244, 173, 196, 203, 189, 207, 214, 129, 174, 281, 33, 45, 55, 93, 50, 29, 133, 94]"
SLOWBRO,80,95,75,110,30,100,80,11,14,"[5, 25, 34, 38, 68, 69, 102, 138, 86, 164, 223, 244, 173, 196, 203, 189, 8, 207, 214, 129, 210, 174, 281, 33, 45, 55, 93, 50, 29, 110, 133, 94]"
MAGNEMITE,81,25,35,70,45,95,55,13,8,"[38, 102, 86, 164, 205, 173, 203, 207, 214, 129, 319, 33, 84, 48, 49, 209, 199, 103, 192]"
MAGNETON,82,50,60,95,70,120,70,13,8,"[38, 102, 86, 164, 205, 173, 203, 207, 214, 129, 319, 33, 84, 48, 49, 209, 199, 161, 103, 192]"
FARFETCH'D,83,52,65,55,60,58,62,0,2,"[14, 34, 38, 102, 164, 244, 173, 203, 189, 207, 214, 129, 64, 28, 43, 31, 282, 210, 97, 163, 206]"
DODUO,84,35,85,45,75,35,35,0,2,"[34, 38, 102, 164, 173, 203, 189, 207, 214, 129, 64, 45, 228, 31, 161, 99, 253, 65, 97]"
DODRIO,85,60,110,70,100,60,60,0,2,"[34, 38, 102, 164, 173, 203, 189, 207, 214, 129, 64, 45, 228, 31, 161, 99, 253, 65, 97]"
SEEL,86,65,45,55,45,45,70,11,11,"[34, 38, 102, 164, 173, 196, 203, 207, 214, 29, 45, 62, 156, 36, 58, 219]"
DEWGONG,87,90,70,80,70,70,95,11,15,"[34, 38, 102, 164, 173, 196, 203, 207, 214, 29, 45, 62, 156, 329, 36, 58, 219]"
GRIMER,88,80,80,50,25,40,50,3,3,"[34, 102, 153, 164, 223, 173, 203, 189, 8, 207, 214, 9, 7, 139, 1, 106, 50, 124, 107, 103, 151, 188, 262]"
MUK,89,105,105,75,50,65,100,3,3,"[34, 102, 153, 164, 223, 173, 203, 189, 8, 207, 214, 9, 7, 139, 1, 106, 50, 124, 107, 103, 151, 188, 262]"
SHELLDER,90,30,65,100,40,45,25,11,11,"[38, 102, 153, 164, 173, 196, 203, 207, 214, 129, 33, 110, 48, 62, 182, 43, 128, 58]"
CLOYSTER,91,50,95,180,70,85,45,11,15,"[38, 102, 153, 164, 173, 196, 203, 207, 214, 129, 110, 48, 62, 182, 191, 131]"
GASTLY,92,30,35,30,80,100,35,7,3,"[102, 138, 153, 164, 244, 173, 203, 207, 214, 95, 122, 180, 212, 174, 101, 109, 194]"
HAUNTER,93,45,50,45,95,115,55,7,3,"[102, 138, 153, 164, 244, 173, 203, 207, 214, 95, 122, 180, 212, 174, 101, 325, 109, 194]"
GENGAR,94,60,65,60,110,130,75,7,3,"[5, 25, 34, 38, 68, 69, 102, 118, 138, 153, 164, 223, 244, 173, 203, 8, 207, 214, 9, 7, 95, 122, 180, 212, 174, 101, 325, 109, 194]"
ONIX,95,35,45,160,70,30,45,5,4,"[34, 38, 102, 153, 157, 164, 244, 173, 203, 189, 207, 214, 33, 103, 20, 88, 106, 99, 201, 21, 231, 328]"
DROWZEE,96,60,48,45,42,43,90,14,14,"[5, 25, 34, 38, 68, 69, 102, 118, 138, 86, 164, 223, 244, 173, 203, 8, 207, 214, 9, 7, 1, 95, 50, 93, 29, 139, 96, 94, 248]"
HYPNO,97,85,73,70,67,73,115,14,14,"[5, 25, 34, 38, 68, 69, 102, 118, 138, 86, 164, 223, 244, 173, 203, 8, 207, 214, 9, 7, 1, 95, 50, 93, 29, 139, 96, 94, 248]"
KRABBY,98,30,105,90,50,25,25,11,11,"[14, 34, 38, 102, 164, 173, 196, 203, 189, 207, 214, 210, 145, 43, 11, 106, 341, 23, 12, 182, 152]"
KINGLER,99,55,130,115,75,50,50,11,11,"[14, 34, 38, 102, 164, 173, 196, 203, 189, 207, 214, 210, 145, 43, 11, 106, 341, 23, 12, 182, 152]"
VOLTORB,100,40,30,50,100,55,55,13,13,"[102, 86, 153, 164, 205, 173, 203, 207, 214, 129, 268, 33, 103, 49, 209, 120, 113, 243]"
ELECTRODE,101,60,50,70,140,80,80,13,13,"[102, 86, 153, 164, 205, 173, 203, 207, 214, 129, 268, 33, 103, 49, 209, 120, 113, 243]"
EXEGGCUTE,102,60,40,80,40,60,45,12,14,"[38, 102, 138, 153, 164, 205, 244, 173, 203, 207, 214, 140, 253, 95, 115, 73, 93, 78, 77, 79, 76]"
EXEGGUTOR,103,95,95,85,55,125,65,12,14,"[38, 102, 138, 153, 164, 205, 244, 173, 203, 207, 214, 140, 95, 93, 23, 121]"
CUBONE,104,50,50,95,35,40,50,4,4,"[5, 14, 25, 34, 38, 68, 69, 102, 157, 164, 223, 173, 196, 203, 189, 207, 214, 9, 7, 45, 39, 125, 29, 43, 116, 155, 99, 206, 37, 198]"
MAROWAK,105,60,80,110,45,50,80,4,4,"[5, 14, 25, 34, 38, 68, 69, 102, 157, 164, 223, 173, 196, 203, 189, 207, 214, 9, 7, 45, 39, 125, 29, 43, 116, 155, 99, 206, 37, 198]"
HITMONLEE,106,50,120,53,87,35,110,1,1,"[5, 25, 34, 38, 68, 69, 102, 118, 157, 164, 223, 173, 203, 189, 207, 214, 129, 279, 24, 96, 27, 26, 280, 116, 136, 170, 193, 179]"
HITMONCHAN,107,50,105,79,76,35,110,1,1,"[5, 25, 34, 38, 68, 69, 102, 118, 157, 164, 223, 173, 203, 189, 8, 207, 214, 129, 9, 7, 279, 4, 97, 228, 183, 327, 197]"
LICKITUNG,108,90,55,75,30,60,75,0,0,"[5, 14, 25, 34, 38, 68, 69, 102, 138, 157, 164, 223, 205, 244, 173, 196, 203, 189, 8, 207, 214, 111, 9, 7, 122, 48, 282, 23, 35, 50, 21, 103, 287]"
KOFFING,109,40,65,95,35,60,45,3,3,"[102, 153, 164, 205, 173, 203, 207, 214, 139, 33, 123, 120, 124, 108, 114, 194, 262]"
WEEZING,110,65,90,120,60,85,70,3,3,"[102, 153, 164, 205, 173, 203, 207, 214, 139, 33, 123, 120, 124, 108, 114, 194, 262]"
RHYHORN,111,80,85,95,25,30,30,4,5,"[14, 34, 38, 68, 102, 157, 164, 205, 173, 196, 203, 189, 207, 214, 30, 39, 23, 31, 184, 350, 32, 36, 89, 224]"
RHYDON,112,105,130,120,40,45,45,4,5,"[5, 14, 25, 34, 38, 68, 69, 102, 157, 164, 223, 205, 173, 196, 203, 189, 207, 214, 9, 7, 210, 30, 39, 23, 31, 184, 350, 32, 36, 89, 224]"
CHANSEY,113,250,5,5,50,35,105,0,0,"[5, 25, 34, 38, 68, 69, 102, 118, 135, 138, 86, 164, 223, 205, 244, 173, 196, 203, 189, 207, 214, 111, 1, 45, 39, 287, 3, 107, 47, 121, 113]"
TANGELA,114,65,55,115,60,100,40,12,12,"[14, 34, 38, 102, 164, 244, 173, 203, 207, 214, 275, 132, 79, 71, 74, 77, 22, 20, 72, 78, 21, 321]"
KANGASKHAN,115,105,95,80,90,40,80,0,0,"[5, 25, 34, 38, 68, 69, 102, 157, 164, 223, 173, 196, 203, 189, 8, 207, 214, 9, 7, 210, 4, 43, 44, 39, 252, 99, 146, 179]"
HORSEA,116,30,40,70,60,70,25,11,11,"[38, 102, 164, 173, 196, 203, 207, 214, 129, 145, 108, 43, 55, 239, 97, 56, 349]"
SEADRA,117,55,65,95,85,95,45,11,11,"[38, 102, 164, 173, 196, 203, 207, 214, 129, 145, 108, 43, 55, 239, 97, 56, 349]"
GOLDEEN,118,45,67,60,63,35,50,11,11,"[38, 102, 164, 173, 196, 203, 207, 214, 129, 64, 39, 346, 48, 30, 175, 31, 127, 32, 97]"
SEAKING,119,80,92,65,68,65,80,11,11,"[38, 102, 164, 173, 196, 203, 207, 214, 129, 64, 39, 346, 48, 30, 175, 31, 127, 32, 97]"
STARYU,120,30,45,55,85,70,55,11,11,"[38, 102, 86, 164, 244, 173, 196, 203, 207, 214, 129, 33, 106, 55, 229, 105, 293, 61, 107, 113, 322, 56]"
STARMIE,121,60,75,85,115,100,85,11,14,"[38, 102, 138, 86, 164, 244, 173, 196, 203, 207, 214, 129, 55, 229, 105, 109]"
MR. MIME,122,40,45,65,90,100,120,14,14,"[5, 25, 34, 38, 68, 69, 102, 118, 138, 86, 164, 244, 173, 203, 189, 8, 207, 214, 9, 7, 112, 93, 96, 3, 113, 115, 227, 60, 278, 271, 272, 94, 226, 219]"
SCYTHER,123,70,110,80,105,55,80,6,2,"[14, 38, 68, 102, 164, 173, 203, 207, 214, 129, 210, 98, 43, 116, 228, 206, 97, 17, 163, 104]"
JYNX,124,65,50,35,95,115,95,15,14,"[5, 25, 34, 38, 68, 69, 102, 118, 138, 164, 223, 244, 173, 196, 203, 189, 8, 207, 214, 1, 122, 142, 181, 3, 212, 313, 195, 59]"
ELECTABUZZ,125,65,83,57,105,95,85,13,13,"[5, 25, 34, 38, 68, 69, 102, 86, 164, 223, 173, 203, 189, 8, 207, 214, 129, 9, 7, 98, 43, 113, 103, 85, 87]"
MAGMAR,126,65,95,57,93,100,85,10,10,"[5, 25, 34, 38, 68, 69, 102, 164, 223, 173, 203, 189, 207, 214, 9, 7, 52, 43, 123, 108, 241, 53, 109, 126]"
PINSIR,127,65,125,100,85,55,70,6,6,"[14, 34, 38, 69, 102, 157, 164, 173, 203, 207, 214, 210, 11, 116, 20, 106, 279, 280, 12, 66]"
TAUROS,128,75,100,95,110,40,70,0,0,"[34, 38, 102, 164, 173, 196, 203, 207, 214, 33, 39, 99, 30, 184, 228, 156, 37, 36]"
MAGIKARP,129,20,10,55,80,15,20,11,11,"[150, 33, 175]"
GYARADOS,130,95,125,79,81,60,100,11,2,"[34, 38, 102, 86, 164, 173, 196, 203, 207, 214, 37, 44, 82, 43, 239, 56, 240, 349, 63]"
LAPRAS,131,130,85,80,60,85,95,11,15,"[34, 38, 102, 138, 164, 173, 196, 203, 207, 214, 55, 45, 47, 54, 109, 195, 58, 240, 219, 56, 329]"
DITTO,132,48,48,48,48,48,48,0,0,[144]
EEVEE,133,55,55,50,55,45,65,0,0,"[34, 38, 102, 164, 173, 203, 189, 207, 214, 129, 33, 39, 270, 28, 45, 98, 44, 226, 36]"
VAPOREON,134,130,65,60,65,110,95,11,11,"[34, 38, 102, 164, 173, 196, 203, 189, 207, 214, 129, 33, 39, 270, 28, 55, 98, 44, 62, 114, 151, 56]"
JOLTEON,135,65,65,60,130,110,95,13,13,"[34, 38, 102, 86, 164, 173, 203, 189, 207, 214, 129, 33, 39, 270, 28, 84, 98, 24, 42, 97, 87]"
FLAREON,136,65,130,60,65,95,110,10,10,"[34, 38, 102, 164, 173, 203, 189, 207, 214, 129, 33, 39, 270, 28, 52, 98, 44, 83, 123, 43, 53]"
PORYGON,137,65,60,70,40,85,75,0,0,"[38, 102, 138, 86, 164, 244, 173, 196, 203, 207, 214, 129, 176, 33, 160, 97, 60, 105, 159, 199, 161, 278, 192]"
OMANYTE,138,35,40,100,35,90,55,5,11,"[34, 38, 102, 157, 164, 205, 173, 196, 203, 207, 214, 132, 110, 44, 55, 341, 43, 182, 321, 246, 56]"
OMASTAR,139,70,60,125,55,115,70,5,11,"[34, 38, 69, 102, 157, 164, 205, 173, 196, 203, 207, 214, 132, 110, 44, 55, 341, 43, 182, 131, 321, 246, 56]"
KABUTO,140,30,80,90,55,55,45,5,11,"[34, 38, 102, 157, 164, 205, 173, 196, 203, 207, 214, 10, 106, 71, 43, 341, 28, 319, 72, 246]"
KABUTOPS,141,60,115,105,80,65,70,5,11,"[14, 25, 34, 38, 69, 102, 157, 164, 205, 173, 196, 203, 207, 214, 210, 10, 106, 71, 43, 341, 28, 163, 319, 72, 246]"
AERODACTYL,142,80,105,65,130,60,75,5,2,"[38, 102, 157, 164, 173, 203, 207, 214, 129, 17, 97, 44, 48, 246, 184, 36, 63]"
SNORLAX,143,160,110,65,30,65,110,0,0,"[5, 25, 34, 38, 68, 69, 102, 118, 157, 164, 223, 205, 244, 173, 196, 203, 189, 8, 207, 214, 111, 9, 7, 33, 133, 187, 29, 281, 156, 335, 343, 63]"
ARTICUNO,144,90,85,100,85,95,125,15,2,"[38, 102, 164, 173, 196, 203, 189, 207, 214, 129, 16, 181, 54, 97, 170, 58, 115, 59, 329]"
ZAPDOS,145,90,90,85,100,125,90,13,2,"[38, 102, 86, 164, 173, 203, 189, 207, 214, 129, 64, 84, 97, 197, 65, 268, 113, 87]"
MOLTRES,146,90,100,90,90,125,85,10,2,"[38, 102, 164, 173, 203, 189, 207, 214, 129, 17, 52, 83, 97, 53, 219, 257, 143]"
DRATINI,147,41,64,45,50,50,50,16,16,"[34, 38, 102, 86, 164, 173, 196, 203, 207, 214, 129, 35, 43, 239, 82, 21, 97, 219, 200, 63]"
DRAGONAIR,148,61,84,65,70,70,70,16,16,"[34, 38, 102, 86, 164, 173, 196, 203, 207, 214, 129, 35, 43, 239, 82, 21, 97, 219, 200, 63]"
DRAGONITE,149,91,134,95,80,100,100,16,2,"[34, 38, 102, 86, 164, 223, 173, 196, 203, 189, 8, 207, 214, 129, 9, 7, 210, 35, 43, 239, 82, 21, 97, 219, 17, 200, 63]"
MEWTWO,150,106,110,90,130,154,90,14,14,"[5, 25, 34, 38, 68, 69, 102, 118, 138, 86, 164, 223, 244, 173, 196, 203, 189, 8, 207, 214, 129, 9, 7, 93, 50, 112, 248, 54, 94, 133, 105, 219]"
MEW,151,100,100,100,100,100,100,14,14,"[5, 14, 25, 34, 38, 68, 69, 102, 118, 135, 138, 86, 153, 157, 164, 223, 205, 244, 173, 196, 203, 189, 8, 207, 214, 129, 111, 9, 7, 210, 1, 144, 94, 246]"
CHIKORITA,152,45,49,65,45,49,65,12,12,"[14, 34, 38, 68, 102, 164, 173, 203, 189, 207, 214, 33, 45, 75, 115, 77, 235, 113, 219, 76]"
BAYLEEF,153,60,62,80,60,63,80,12,12,"[14, 34, 38, 68, 102, 164, 173, 203, 189, 207, 214, 210, 33, 45, 75, 115, 77, 235, 113, 219, 76]"
MEGANIUM,154,80,82,100,80,83,100,12,12,"[14, 34, 38, 68, 102, 164, 173, 203, 189, 207, 214, 210, 33, 45, 75, 115, 77, 235, 113, 219, 76]"
CYNDAQUIL,155,39,52,43,65,60,50,10,10,"[34, 38, 102, 164, 205, 173, 203, 189, 207, 214, 129, 111, 33, 43, 108, 52, 98, 172, 53]"
QUILAVA,156,58,64,58,80,80,65,10,10,"[34, 38, 102, 164, 205, 173, 203, 189, 207, 214, 129, 111, 210, 33, 43, 108, 52, 98, 172, 53]"
TYPHLOSION,157,78,84,78,100,109,85,10,10,"[5, 25, 34, 38, 68, 69, 102, 157, 164, 223, 205, 173, 203, 189, 207, 214, 129, 111, 9, 7, 210, 33, 43, 108, 52, 98, 172, 53]"
TOTODILE,158,50,65,64,43,44,48,11,11,"[5, 14, 25, 34, 38, 68, 69, 102, 157, 164, 223, 173, 196, 203, 189, 8, 207, 214, 10, 43, 99, 55, 44, 184, 163, 103, 56]"
CROCONAW,159,65,80,80,58,59,63,11,11,"[5, 14, 25, 34, 38, 68, 69, 102, 157, 164, 223, 173, 196, 203, 189, 8, 207, 214, 210, 10, 43, 99, 55, 44, 184, 163, 103, 56]"
FERALIGATR,160,85,105,100,78,79,83,11,11,"[5, 14, 25, 34, 38, 68, 69, 102, 157, 164, 223, 173, 196, 203, 189, 8, 207, 214, 210, 10, 43, 99, 55, 44, 184, 163, 103, 56]"
SENTRET,161,35,46,34,20,35,45,0,0,"[34, 38, 102, 164, 223, 205, 173, 203, 189, 8, 207, 214, 129, 111, 9, 7, 210, 10, 98, 154, 270, 21, 266, 156, 133]"
FURRET,162,85,76,64,90,45,55,0,0,"[34, 38, 102, 164, 223, 205, 173, 203, 189, 8, 207, 214, 129, 111, 9, 7, 210, 10, 98, 154, 270, 21, 266, 156, 133]"
HOOTHOOT,163,60,30,30,50,36,56,0,2,"[38, 102, 138, 164, 173, 203, 189, 207, 214, 129, 33, 45, 193, 64, 95, 115, 36, 93]"
NOCTOWL,164,100,50,50,70,76,96,0,2,"[38, 102, 138, 164, 173, 203, 189, 207, 214, 129, 33, 45, 193, 64, 95, 115, 36, 93]"
LEDYBA,165,40,20,30,55,40,80,6,2,"[5, 14, 38, 102, 164, 223, 205, 173, 203, 8, 207, 214, 129, 9, 33, 48, 4, 113, 115, 219, 226, 97]"
LEDIAN,166,55,35,50,85,55,110,6,2,"[5, 14, 38, 102, 164, 223, 205, 173, 203, 8, 207, 214, 129, 9, 33, 48, 4, 113, 115, 219, 226, 97]"
SPINARAK,167,40,60,40,30,40,40,6,3,"[34, 38, 102, 164, 173, 203, 207, 214, 40, 81, 184, 132, 101, 141, 154, 169, 97, 94]"
ARIADOS,168,70,90,70,40,60,60,6,3,"[34, 38, 102, 164, 173, 203, 207, 214, 40, 81, 184, 132, 101, 141, 154, 169, 97, 94]"
CROBAT,169,85,90,80,130,70,80,3,2,"[38, 102, 164, 173, 203, 207, 214, 129, 103, 141, 48, 310, 44, 17, 109, 314, 212, 305, 114]"
CHINCHOU,170,75,38,38,67,56,56,11,13,"[38, 102, 86, 164, 173, 203, 207, 214, 145, 48, 175, 55, 209, 109, 36, 56, 268]"
LANTURN,171,125,58,58,67,76,76,11,13,"[38, 102, 86, 164, 173, 203, 207, 214, 145, 48, 175, 55, 209, 109, 36, 56, 268]"
PICHU,172,20,40,15,60,35,35,13,13,"[5, 25, 34, 38, 68, 69, 102, 86, 164, 205, 173, 203, 189, 207, 214, 129, 111, 84, 204, 39, 186]"
CLEFFA,173,50,25,28,15,45,55,0,0,"[5, 25, 34, 38, 68, 69, 102, 118, 135, 138, 86, 164, 205, 244, 173, 196, 203, 189, 207, 214, 111, 1, 204, 227, 47, 186]"
IGGLYBUFF,174,90,30,15,15,40,20,0,0,"[5, 25, 34, 38, 68, 69, 102, 138, 86, 164, 205, 244, 173, 196, 203, 189, 207, 214, 111, 47, 204, 1, 186]"
TOGEPI,175,35,20,65,20,40,65,0,0,"[5, 25, 34, 38, 68, 69, 102, 118, 135, 138, 86, 164, 205, 244, 173, 203, 189, 207, 214, 129, 111, 45, 204, 186, 281, 227, 266, 273, 219]"
TOGETIC,176,55,40,85,40,80,105,0,2,"[5, 25, 34, 38, 68, 69, 102, 118, 135, 138, 86, 164, 205, 244, 173, 203, 189, 207, 214, 129, 111, 45, 204, 186, 281, 227, 266, 273, 219]"
NATU,177,40,50,45,70,70,45,14,2,"[38, 102, 138, 86, 164, 244, 173, 203, 207, 214, 129, 64, 43, 101, 100, 273, 248, 109, 94]"
XATU,178,65,75,70,95,95,70,14,2,"[38, 102, 138, 86, 164, 244, 173, 203, 207, 214, 129, 64, 43, 101, 100, 273, 248, 109, 94]"
MAREEP,179,55,40,40,35,65,45,13,13,"[34, 38, 102, 86, 164, 173, 203, 207, 214, 129, 111, 33, 45, 84, 178, 113, 87]"
FLAAFFY,180,70,55,55,45,80,60,13,13,"[5, 25, 34, 38, 68, 69, 102, 86, 164, 223, 173, 203, 207, 214, 129, 111, 9, 7, 33, 45, 84, 178, 113, 87]"
AMPHAROS,181,90,75,75,55,115,90,13,13,"[5, 25, 34, 38, 68, 69, 102, 86, 164, 223, 173, 203, 207, 214, 129, 111, 9, 7, 33, 45, 84, 178, 113, 87]"
BELLOSSOM,182,75,80,85,50,90,100,12,12,"[14, 38, 102, 164, 173, 203, 207, 214, 71, 230, 78, 345, 80, 76]"
MARILL,183,70,20,50,40,20,50,11,11,"[5, 25, 34, 38, 69, 102, 164, 223, 205, 173, 196, 203, 189, 8, 207, 214, 129, 111, 33, 39, 55, 61, 240, 56]"
AZUMARILL,184,100,50,80,50,50,80,11,11,"[5, 25, 34, 38, 69, 102, 164, 223, 205, 173, 196, 203, 189, 8, 207, 214, 129, 111, 33, 39, 55, 61, 240, 56]"
SUDOWOODO,185,70,100,115,30,30,65,5,5,"[5, 25, 34, 38, 68, 69, 102, 153, 157, 164, 223, 205, 244, 173, 203, 189, 8, 207, 214, 111, 9, 7, 88, 175, 67, 335, 185, 21]"
POLITOED,186,90,75,75,70,90,100,11,11,"[5, 25, 34, 38, 68, 69, 102, 118, 164, 223, 173, 196, 203, 189, 207, 214, 111, 55, 95, 3, 195]"
HOPPIP,187,35,35,40,50,35,55,12,2,"[14, 38, 102, 164, 173, 203, 207, 214, 111, 150, 235, 39, 33, 77, 78, 79, 73, 178, 72]"
SKIPLOOM,188,55,45,50,80,45,65,12,2,"[14, 38, 102, 164, 173, 203, 207, 214, 111, 150, 235, 39, 33, 77, 78, 79, 73, 178, 72]"
JUMPLUFF,189,75,55,70,110,55,85,12,2,"[14, 38, 102, 164, 173, 203, 207, 214, 111, 150, 235, 39, 33, 77, 78, 79, 73, 178, 72]"
AIPOM,190,55,70,55,85,40,55,0,0,"[5, 25, 34, 38, 68, 69, 102, 118, 138, 86, 164, 223, 173, 203, 189, 8, 207, 214, 129, 111, 9, 7, 210, 10, 39, 28, 310, 226, 321, 154, 103, 97]"
SUNKERN,191,30,30,30,30,30,30,12,12,"[14, 38, 102, 164, 173, 203, 207, 214, 71, 74, 72, 275, 283, 241, 235, 202]"
SUNFLORA,192,75,75,55,30,105,85,12,12,"[14, 38, 102, 164, 173, 203, 207, 214, 71, 1, 74, 75, 275, 331, 241, 80, 76]"
YANMA,193,65,65,45,95,75,45,6,2,"[38, 102, 138, 164, 173, 203, 207, 214, 129, 33, 193, 98, 104, 49, 197, 48, 253, 17, 103]"
WOOPER,194,55,45,45,15,25,25,11,4,"[34, 38, 102, 164, 223, 205, 173, 203, 189, 8, 207, 214, 111, 55, 39, 21, 341, 133, 281, 89, 240, 54, 114]"
QUAGSIRE,195,95,85,85,35,65,65,11,4,"[5, 25, 34, 38, 68, 69, 102, 164, 223, 205, 173, 203, 189, 8, 207, 214, 111, 55, 39, 21, 341, 133, 281, 89, 240, 54, 114]"
ESPEON,196,65,65,60,110,130,95,14,14,"[34, 38, 102, 138, 164, 244, 173, 203, 189, 207, 214, 129, 33, 39, 270, 28, 93, 98, 60, 94, 234]"
UMBREON,197,95,65,110,65,60,130,17,17,"[34, 38, 102, 138, 164, 244, 173, 203, 189, 207, 214, 129, 33, 39, 270, 28, 228, 98, 109, 185, 212, 103, 236]"
MURKROW,198,60,85,42,91,85,42,17,2,"[38, 102, 138, 86, 164, 244, 173, 196, 203, 189, 207, 214, 129, 64, 310, 228, 114, 101, 185, 269, 212]"
SLOWKING,199,95,75,80,30,100,110,11,14,"[5, 25, 34, 38, 68, 69, 102, 138, 86, 164, 223, 244, 173, 196, 203, 189, 8, 207, 214, 129, 210, 174, 281, 33, 45, 55, 93, 50, 29, 94]"
MISDREAVUS,200,60,60,60,85,85,85,7,7,"[38, 102, 138, 86, 164, 244, 173, 203, 207, 214, 129, 111, 45, 149, 180, 310, 109, 212, 60, 220, 195, 288]"
UNOWN,201,48,72,48,48,72,48,14,14,[237]
WOBBUFFET,202,190,33,58,33,33,58,14,14,"[68, 243, 219, 194]"
GIRAFARIG,203,70,80,65,85,90,65,0,14,"[34, 38, 102, 138, 86, 164, 244, 173, 203, 189, 207, 214, 129, 33, 45, 310, 93, 23, 316, 97, 226, 60, 242]"
PINECO,204,50,65,90,15,35,35,6,6,"[34, 38, 68, 102, 153, 157, 164, 205, 173, 203, 207, 214, 111, 33, 182, 120, 36, 229, 117, 191]"
FORRETRESS,205,75,90,140,40,60,60,6,8,"[34, 38, 68, 102, 153, 157, 164, 205, 173, 203, 207, 214, 111, 33, 182, 120, 36, 229, 117, 191]"
DUNSPARCE,206,100,70,70,45,65,65,0,0,"[34, 38, 68, 102, 138, 86, 157, 164, 205, 244, 173, 203, 189, 207, 214, 111, 99, 281, 137, 180, 228, 103, 36, 283]"
GLIGAR,207,65,75,105,85,35,65,4,2,"[14, 38, 68, 102, 138, 157, 164, 173, 203, 207, 214, 129, 210, 40, 28, 106, 98, 185, 163, 103, 12]"
STEELIX,208,75,85,200,30,55,65,8,4,"[34, 38, 102, 153, 157, 164, 205, 173, 203, 189, 207, 214, 111, 33, 103, 20, 88, 106, 99, 201, 21, 231, 242]"
SNUBBULL,209,60,80,50,30,40,40,0,0,"[5, 25, 34, 38, 68, 69, 102, 118, 86, 164, 223, 173, 203, 189, 8, 207, 214, 111, 9, 7, 33, 184, 39, 204, 44, 122, 46, 99, 36, 242]"
GRANBULL,210,90,120,75,45,60,60,0,0,"[5, 25, 34, 38, 68, 69, 102, 118, 86, 157, 164, 223, 173, 203, 189, 8, 207, 214, 111, 9, 7, 33, 184, 39, 204, 44, 122, 46, 99, 36, 242]"
QWILFISH,211,65,95,75,85,55,55,11,3,"[14, 38, 102, 86, 164, 205, 173, 196, 203, 207, 214, 129, 111, 191, 33, 40, 106, 107, 55, 42, 36, 56]"
SCIZOR,212,70,130,100,65,55,80,6,8,"[14, 38, 68, 102, 164, 173, 203, 207, 214, 129, 210, 98, 43, 116, 228, 206, 97, 232, 163, 104]"
SHUCKLE,213,20,10,230,5,10,230,6,5,"[34, 38, 102, 157, 164, 205, 173, 203, 189, 207, 214, 111, 132, 110, 35, 227, 219, 117, 156]"
HERACROSS,214,80,125,75,85,40,95,6,1,"[14, 34, 38, 68, 69, 102, 157, 164, 173, 203, 207, 214, 210, 33, 43, 30, 31, 280, 36, 179, 224]"
SNEASEL,215,55,95,55,115,35,75,17,15,"[14, 38, 68, 102, 138, 164, 223, 244, 173, 196, 203, 189, 8, 207, 214, 129, 111, 210, 10, 43, 269, 98, 103, 185, 154, 97, 163, 251, 232]"
TEDDIURSA,216,60,80,50,40,50,50,0,0,"[5, 14, 25, 34, 38, 68, 69, 102, 118, 164, 223, 205, 173, 203, 189, 8, 207, 214, 129, 111, 9, 7, 210, 10, 43, 122, 154, 313, 185, 156, 163, 37]"
URSARING,217,90,130,75,55,75,75,0,0,"[5, 14, 25, 34, 38, 68, 69, 102, 118, 157, 164, 223, 205, 173, 203, 189, 8, 207, 214, 129, 111, 9, 7, 210, 10, 43, 122, 154, 313, 185, 156, 163, 37]"
SLUGMA,218,40,40,40,20,70,40,10,10,"[34, 38, 102, 157, 164, 205, 173, 203, 189, 207, 214, 111, 281, 123, 52, 88, 106, 133, 53]"
MAGCARGO,219,50,50,120,30,80,80,10,5,"[34, 38, 102, 157, 164, 205, 173, 203, 189, 207, 214, 111, 281, 123, 52, 88, 106, 133, 53]"
SWINUB,220,50,50,40,50,30,30,15,4,"[34, 38, 102, 157, 164, 173, 196, 203, 189, 207, 214, 111, 33, 316, 181, 36, 54, 59, 133]"
PILOSWINE,221,100,100,80,50,60,60,15,4,"[34, 38, 102, 157, 164, 173, 196, 203, 189, 207, 214, 111, 30, 316, 181, 36, 31, 54, 59, 133]"
CORSOLA,222,55,55,85,35,65,85,11,5,"[34, 38, 102, 153, 157, 164, 205, 173, 203, 189, 207, 214, 111, 33, 106, 145, 105, 287, 61, 131, 350, 243, 246]"
REMORAID,223,35,65,35,65,65,35,11,11,"[38, 102, 86, 164, 173, 203, 189, 207, 214, 129, 111, 55, 199, 60, 62, 61, 116, 58, 63]"
OCTILLERY,224,75,105,75,45,105,75,11,11,"[38, 69, 102, 86, 164, 173, 203, 189, 207, 214, 129, 111, 55, 132, 60, 62, 61, 190, 116, 58, 63]"
DELIBIRD,225,45,55,45,75,65,45,15,2,"[5, 25, 34, 38, 68, 69, 102, 164, 173, 196, 203, 189, 207, 214, 129, 217]"
MANTINE,226,65,40,70,70,80,140,11,2,"[34, 38, 102, 164, 173, 196, 203, 189, 207, 214, 129, 33, 145, 48, 61, 36, 97, 17, 352, 109]"
SKARMORY,227,65,80,140,70,40,70,8,2,"[38, 68, 102, 157, 164, 173, 203, 189, 207, 214, 129, 43, 64, 28, 97, 31, 314, 211, 191, 319]"
HOUNDOUR,228,45,60,30,65,80,50,17,10,"[34, 38, 68, 102, 138, 164, 173, 203, 189, 207, 214, 129, 43, 52, 336, 123, 46, 44, 316, 185, 53, 242]"
HOUNDOOM,229,75,90,50,95,110,80,17,10,"[34, 38, 68, 102, 138, 164, 173, 203, 189, 207, 214, 129, 43, 52, 336, 123, 46, 44, 316, 185, 53, 242]"
KINGDRA,230,75,95,95,85,95,95,11,16,"[34, 38, 102, 164, 173, 196, 203, 207, 214, 129, 145, 108, 43, 55, 239, 97, 56, 349]"
PHANPY,231,90,60,60,40,40,40,4,4,"[34, 38, 68, 102, 164, 205, 173, 203, 189, 207, 214, 111, 316, 33, 45, 175, 36]"
DONPHAN,232,90,120,120,50,60,60,4,4,"[34, 38, 68, 102, 157, 164, 205, 173, 203, 189, 207, 214, 111, 316, 30, 45, 175, 31, 229, 89]"
PORYGON2,233,85,80,90,60,105,95,0,0,"[38, 102, 138, 86, 164, 244, 173, 196, 203, 207, 214, 129, 111, 176, 33, 160, 97, 60, 105, 199, 161, 278, 192]"
STANTLER,234,73,95,62,85,85,65,0,0,"[34, 38, 102, 138, 86, 164, 244, 173, 203, 189, 207, 214, 129, 33, 43, 310, 95, 23, 28, 36, 109, 347]"
SMEARGLE,235,55,20,35,75,20,45,0,0,[166]
TYROGUE,236,35,35,35,35,35,35,1,1,"[25, 34, 38, 68, 69, 102, 157, 164, 173, 203, 189, 207, 214, 129, 33]"
HITMONTOP,237,50,95,95,70,35,110,1,1,"[25, 34, 38, 68, 69, 102, 157, 164, 173, 203, 189, 207, 214, 129, 279, 27, 116, 228, 98, 167, 229, 97, 197, 283]"
SMOOCHUM,238,45,30,15,65,85,65,15,14,"[5, 25, 34, 38, 68, 69, 102, 118, 138, 164, 223, 244, 173, 196, 203, 189, 8, 207, 214, 1, 122, 186, 181, 93, 47, 212, 313, 94, 195, 59]"
ELEKID,239,45,63,37,95,65,55,13,13,"[5, 25, 34, 38, 68, 69, 102, 86, 164, 223, 173, 203, 189, 8, 207, 214, 129, 9, 7, 98, 43, 113, 103, 85, 87]"
MAGBY,240,45,75,37,83,70,55,10,10,"[5, 25, 34, 38, 68, 69, 102, 164, 223, 173, 203, 189, 207, 214, 9, 7, 52, 43, 123, 108, 241, 53, 109, 126]"
MILTANK,241,95,80,105,100,40,70,0,0,"[5, 25, 34, 38, 68, 69, 102, 118, 86, 157, 164, 223, 205, 244, 173, 196, 203, 189, 8, 207, 214, 111, 9, 7, 33, 45, 23, 208, 117, 215]"
BLISSEY,242,255,10,10,55,75,135,0,0,"[5, 25, 34, 38, 68, 69, 102, 118, 135, 138, 86, 164, 223, 205, 173, 196, 203, 189, 207, 214, 111, 1, 45, 39, 287, 3, 107, 47, 121, 113]"
RAIKOU,243,90,85,75,115,115,100,13,13,"[34, 38, 102, 86, 164, 244, 173, 203, 189, 207, 214, 129, 44, 43, 84, 46, 98, 209, 115, 242, 87, 347]"
ENTEI,244,115,115,85,100,90,75,10,10,"[34, 38, 102, 164, 244, 173, 203, 189, 207, 214, 129, 44, 43, 52, 46, 83, 23, 53, 126, 347]"
SUICUNE,245,100,75,115,85,90,115,11,11,"[34, 38, 102, 164, 244, 173, 196, 203, 189, 207, 214, 129, 44, 43, 61, 240, 16, 62, 54, 243, 56, 347]"
LARVITAR,246,50,64,50,41,45,50,5,4,"[34, 38, 102, 157, 164, 173, 203, 189, 207, 214, 44, 43, 201, 103, 37, 184, 242, 89, 63]"
PUPITAR,247,70,84,70,51,65,70,5,4,"[34, 38, 102, 157, 164, 173, 203, 189, 207, 214, 44, 43, 201, 103, 37, 184, 242, 89, 63]"
TYRANITAR,248,100,134,110,61,95,100,5,17,"[5, 25, 34, 38, 68, 69, 102, 86, 157, 164, 223, 173, 203, 189, 207, 214, 7, 210, 44, 43, 201, 103, 37, 184, 242, 89, 63]"
LUGIA,249,106,90,130,110,90,154,14,2,"[34, 38, 102, 138, 86, 164, 244, 173, 196, 203, 189, 207, 214, 129, 18, 219, 16, 105, 56, 240, 177, 246, 248]"
HO?OH,250,106,130,90,90,110,154,10,2,"[38, 102, 138, 86, 164, 244, 173, 203, 189, 207, 214, 129, 18, 219, 16, 105, 126, 241, 221, 246, 248]"
CELEBI,251,100,100,100,100,100,100,14,12,"[14, 38, 102, 118, 138, 164, 244, 173, 203, 189, 207, 214, 129, 111, 73, 93, 105, 215, 219, 246, 248, 226, 195]"
?,252,50,150,50,150,150,50,0,0,[33]
?,253,50,150,50,150,150,50,0,0,[33]
?,254,50,150,50,150,150,50,0,0,[33]
?,255,50,150,50,150,150,50,0,0,[33]
?,256,50,150,50,150,150,50,0,0,[33]
?,257,50,150,50,150,150,50,0,0,[33]
?,258,50,150,50,150,150,50,0,0,[33]
?,259,50,150,50,150,150,50,0,0,[33]
?,260,50,150,50,150,150,50,0,0,[33]
?,261,50,150,50,150,150,50,0,0,[33]
?,262,50,150,50,150,150,50,0,0,[33]
?,263,50,150,50,150,150,50,0,0,[33]
?,264,50,150,50,150,150,50,0,0,[33]
?,265,50,150,50,150,150,50,0,0,[33]
?,266,50,150,50,150,150,50,0,0,[33]
?,267,50,150,50,150,150,50,0,0,[33]
?,268,50,150,50,150,150,50,0,0,[33]
?,269,50,150,50,150,150,50,0,0,[33]
?,270,50,150,50,150,150,50,0,0,[33]
?,271,50,150,50,150,150,50,0,0,[33]
?,272,50,150,50,150,150,50,0,0,[33]
?,273,50,150,50,150,150,50,0,0,[33]
?,274,50,150,50,150,150,50,0,0,[33]
?,275,50,150,50,150,150,50,0,0,[33]
?,276,50,150,50,150,150,50,0,0,[33]
TREECKO,277,40,45,35,70,65,55,12,12,"[5, 14, 25, 34, 38, 68, 69, 102, 164, 223, 173, 203, 189, 207, 214, 129, 9, 210, 1, 43, 71, 98, 228, 103, 72, 97, 21, 197, 202]"
GROVYLE,278,50,65,45,95,85,65,12,12,"[5, 14, 25, 34, 38, 68, 69, 102, 164, 223, 173, 203, 189, 207, 214, 129, 9, 210, 1, 43, 71, 98, 228, 103, 348, 97, 21, 197, 206]"
SCEPTILE,279,70,85,65,120,105,85,12,12,"[5, 14, 25, 34, 38, 68, 69, 102, 164, 223, 173, 203, 189, 207, 214, 129, 9, 210, 1, 43, 71, 98, 228, 103, 348, 97, 21, 197, 206]"
TORCHIC,280,45,60,40,45,70,50,10,10,"[5, 14, 25, 34, 38, 68, 69, 102, 157, 164, 173, 203, 189, 207, 214, 129, 10, 45, 116, 52, 64, 28, 83, 98, 163, 119, 53]"
COMBUSKEN,281,60,85,60,55,85,60,10,1,"[5, 14, 25, 34, 38, 68, 69, 102, 157, 164, 223, 173, 203, 189, 207, 214, 129, 9, 7, 210, 10, 45, 116, 52, 24, 64, 28, 339, 98, 163, 119, 327]"
BLAZIKEN,282,80,120,70,80,110,70,10,1,"[5, 14, 25, 34, 38, 68, 69, 102, 157, 164, 223, 173, 203, 189, 207, 214, 129, 9, 7, 210, 10, 45, 116, 52, 24, 64, 28, 339, 98, 299, 163, 119, 327]"
MUDKIP,283,50,70,50,40,50,50,11,11,"[34, 38, 102, 164, 205, 173, 196, 203, 189, 207, 214, 111, 33, 45, 55, 117, 193, 300, 36, 250, 182, 56, 283]"
MARSHTOMP,284,70,85,70,50,60,70,11,4,"[5, 25, 34, 38, 68, 69, 102, 157, 164, 223, 205, 173, 196, 203, 189, 8, 207, 214, 111, 33, 45, 55, 117, 341, 193, 300, 36, 330, 182, 89, 283]"
SWAMPERT,285,100,110,90,60,85,90,11,4,"[5, 25, 34, 38, 68, 69, 102, 157, 164, 223, 205, 173, 196, 203, 189, 8, 207, 214, 111, 33, 45, 55, 117, 341, 193, 300, 36, 330, 182, 89, 283]"
POOCHYENA,286,35,55,35,35,30,30,17,17,"[34, 38, 68, 102, 164, 244, 173, 203, 189, 207, 214, 33, 336, 28, 44, 316, 46, 184, 36, 269, 242, 168]"
MIGHTYENA,287,70,90,70,70,60,60,17,17,"[34, 38, 68, 102, 164, 244, 173, 203, 189, 207, 214, 33, 336, 28, 44, 316, 46, 184, 36, 269, 242, 168]"
ZIGZAGOON,288,38,30,41,60,30,41,0,0,"[34, 38, 102, 86, 164, 205, 173, 196, 203, 189, 207, 214, 129, 111, 210, 33, 45, 39, 29, 28, 316, 300, 42, 343, 175, 156, 187]"
LINOONE,289,78,70,61,100,50,61,0,0,"[34, 38, 102, 86, 164, 205, 173, 196, 203, 189, 207, 214, 129, 111, 210, 33, 45, 39, 29, 28, 316, 300, 154, 343, 163, 156, 187]"
WURMPLE,290,45,45,35,20,20,30,6,6,"[33, 81, 40]"
SILCOON,291,50,35,55,15,25,25,6,6,[106]
BEAUTIFLY,292,60,70,50,65,90,50,6,2,"[38, 102, 164, 173, 203, 207, 214, 129, 71, 16, 78, 234, 72, 18, 213, 318, 202]"
CASCOON,293,50,35,55,15,25,25,6,6,[106]
DUSTOX,294,60,50,70,65,50,90,6,3,"[38, 102, 164, 173, 203, 207, 214, 129, 93, 16, 182, 236, 60, 18, 113, 318, 92]"
LOTAD,295,40,30,30,30,40,50,11,12,"[14, 34, 38, 102, 164, 173, 196, 203, 207, 214, 310, 45, 71, 267, 54, 240, 72]"
LOMBRE,296,60,50,50,50,60,70,11,12,"[14, 34, 38, 102, 164, 223, 173, 196, 203, 189, 8, 207, 214, 9, 7, 310, 45, 71, 267, 252, 154, 346, 168, 253, 56]"
LUDICOLO,297,80,70,70,70,90,100,11,12,"[5, 14, 25, 34, 38, 68, 69, 102, 118, 164, 223, 173, 196, 203, 189, 8, 207, 214, 9, 7, 310, 45, 71, 267]"
SEEDOT,298,40,40,50,30,30,30,12,12,"[14, 34, 38, 102, 153, 164, 205, 173, 203, 207, 214, 111, 117, 106, 74, 267, 235, 241]"
NUZLEAF,299,70,70,40,60,60,40,12,17,"[14, 25, 34, 38, 102, 153, 164, 205, 244, 173, 203, 189, 207, 214, 129, 111, 210, 1, 106, 74, 267, 252, 259, 185, 13, 326]"
SHIFTRY,300,90,100,60,80,90,60,12,17,"[14, 25, 34, 38, 102, 153, 164, 205, 244, 173, 203, 189, 207, 214, 129, 111, 210, 1, 106, 74, 267]"
NINCADA,301,31,45,90,40,30,30,6,4,"[38, 102, 164, 173, 203, 189, 207, 214, 210, 10, 106, 141, 28, 154, 170, 206, 232, 91]"
NINJASK,302,61,90,45,160,50,50,6,2,"[14, 38, 102, 164, 173, 203, 189, 207, 214, 129, 210, 10, 106, 141, 28, 154, 170, 104, 103, 163, 97, 226]"
SHEDINJA,303,1,90,45,40,30,30,6,7,"[38, 102, 138, 164, 173, 203, 189, 207, 214, 210, 10, 106, 141, 28, 154, 170, 180, 109, 247, 288]"
TAILLOW,304,40,55,30,85,30,30,0,2,"[38, 68, 102, 164, 173, 203, 189, 207, 214, 129, 64, 45, 116, 98, 17, 104, 283, 332, 97]"
SWELLOW,305,60,85,60,125,50,50,0,2,"[38, 68, 102, 164, 173, 203, 189, 207, 214, 129, 64, 45, 116, 98, 17, 104, 283, 332, 97]"
SHROOMISH,306,60,40,60,35,40,60,12,12,"[14, 34, 38, 102, 164, 173, 203, 207, 214, 71, 33, 78, 73, 72, 29, 77, 74, 202, 147]"
BRELOOM,307,60,130,80,70,60,60,12,1,"[5, 14, 25, 34, 38, 68, 69, 102, 164, 223, 173, 203, 189, 207, 214, 9, 210, 71, 33, 78, 73, 72, 29, 183, 327, 170]"
SPINDA,308,60,60,60,60,60,60,0,0,"[5, 25, 34, 38, 68, 69, 102, 118, 138, 157, 164, 223, 205, 244, 173, 196, 203, 189, 8, 207, 214, 129, 111, 9, 7, 33, 253, 185, 60, 95, 146, 298, 175, 37]"
WINGULL,309,40,30,30,85,55,30,11,2,"[38, 102, 164, 173, 196, 203, 189, 207, 214, 129, 45, 55, 48, 17, 54, 98, 228, 97]"
PELIPPER,310,60,50,100,65,85,70,11,2,"[38, 102, 164, 173, 196, 203, 189, 207, 214, 129, 45, 55, 346, 17, 48, 54, 182, 254, 256, 255, 56]"
SURSKIT,311,40,30,32,65,50,52,6,11,"[38, 102, 164, 244, 173, 196, 203, 207, 214, 129, 145, 98, 230, 346, 61, 97, 54, 114]"
MASQUERAIN,312,70,60,62,60,80,82,6,2,"[38, 102, 164, 244, 173, 196, 203, 207, 214, 129, 145, 98, 230, 346, 16, 184, 78, 318, 18]"
WAILMER,313,130,70,35,60,70,35,11,11,"[34, 38, 102, 164, 205, 173, 196, 203, 207, 214, 111, 150, 45, 55, 250, 310, 352, 54, 156, 323, 133, 56]"
WAILORD,314,170,90,45,60,90,45,11,11,"[34, 38, 102, 164, 205, 173, 196, 203, 207, 214, 111, 150, 45, 55, 250, 310, 352, 54, 156, 323, 133, 56]"
SKITTY,315,50,45,45,50,35,35,0,0,"[34, 38, 102, 138, 86, 164, 205, 244, 173, 196, 203, 189, 207, 214, 129, 111, 45, 33, 39, 213, 47, 3, 274, 204, 185, 343, 215]"
DELCATTY,316,70,65,65,70,55,55,0,0,"[34, 38, 102, 138, 86, 164, 205, 244, 173, 196, 203, 189, 207, 214, 129, 111, 45, 213, 47, 3]"
KECLEON,317,60,90,70,40,60,120,0,0,"[5, 25, 34, 38, 68, 69, 102, 118, 86, 157, 164, 223, 205, 244, 173, 196, 203, 189, 8, 207, 214, 129, 111, 9, 7, 210, 168, 39, 310, 122, 10, 20, 185, 154, 60, 103, 163, 246]"
BALTOY,318,40,40,55,55,40,70,4,14,"[38, 102, 138, 153, 157, 164, 244, 173, 203, 189, 207, 214, 93, 106, 229, 60, 317, 120, 246, 201, 322]"
CLAYDOL,319,60,70,105,75,70,120,4,14,"[38, 102, 138, 153, 157, 164, 244, 173, 203, 189, 207, 214, 100, 93, 106, 229, 60, 317, 120, 246, 201, 63, 322]"
NOSEPASS,320,30,45,135,30,45,90,5,5,"[34, 38, 102, 86, 153, 157, 164, 223, 205, 173, 203, 189, 8, 207, 214, 111, 9, 7, 33, 106, 88, 335, 201, 156, 192, 199]"
TORKOAL,321,70,85,140,20,85,70,10,10,"[34, 38, 102, 153, 157, 164, 173, 203, 189, 207, 214, 52, 123, 174, 108, 83, 182, 53, 334, 133, 175, 257]"
SABLEYE,322,50,75,75,50,65,65,17,7,"[5, 25, 34, 38, 68, 69, 102, 118, 138, 164, 223, 244, 173, 203, 189, 8, 207, 214, 9, 7, 210, 43, 10, 193, 101, 310, 154, 252, 197, 185, 282, 109, 247, 212]"
BARBOACH,323,50,48,43,60,46,41,11,4,"[38, 102, 164, 173, 196, 203, 189, 207, 214, 300, 346, 55, 222, 133, 156, 89, 248, 90]"
WHISCASH,324,110,78,73,60,76,71,11,4,"[38, 102, 157, 164, 173, 196, 203, 189, 207, 214, 321, 300, 346, 55, 222, 133, 156, 89, 248, 90]"
LUVDISC,325,43,30,55,97,40,65,11,11,"[38, 102, 164, 244, 173, 196, 203, 207, 214, 129, 33, 204, 55, 97, 36, 213, 186, 175, 219]"
CORPHISH,326,43,80,65,35,50,35,11,11,"[14, 34, 38, 68, 102, 164, 173, 196, 203, 189, 207, 214, 210, 145, 106, 11, 43, 61, 182, 282, 269, 152, 12]"
CRAWDAUNT,327,63,120,85,55,90,55,11,17,"[14, 34, 38, 68, 102, 164, 173, 196, 203, 189, 207, 214, 129, 210, 145, 106, 11, 43, 61, 182, 282, 269, 152, 12]"
FEEBAS,328,20,15,20,80,10,55,11,11,"[38, 102, 164, 173, 196, 203, 207, 214, 129, 150, 33, 175]"
MILOTIC,329,95,60,79,81,100,125,11,11,"[34, 38, 102, 164, 244, 173, 196, 203, 189, 207, 214, 129, 55, 35, 346, 287, 352, 239, 105, 240, 56, 213, 219]"
CARVANHA,330,45,90,20,65,65,20,11,17,"[38, 102, 164, 173, 196, 203, 189, 207, 214, 129, 210, 43, 44, 99, 116, 184, 242, 103, 36, 97]"
SHARPEDO,331,70,120,40,95,95,40,11,17,"[38, 102, 164, 173, 196, 203, 189, 207, 214, 129, 210, 43, 44, 99, 116, 184, 242, 103, 163, 269, 130, 97]"
TRAPINCH,332,45,100,45,10,45,45,4,4,"[34, 38, 102, 157, 164, 173, 203, 189, 207, 214, 44, 28, 185, 328, 242, 91, 201, 63]"
VIBRAVA,333,50,70,50,70,50,50,4,16,"[34, 38, 102, 157, 164, 173, 203, 189, 207, 214, 129, 44, 28, 185, 328, 242, 225, 103, 201, 63]"
FLYGON,334,80,100,80,100,80,80,4,16,"[34, 38, 102, 157, 164, 173, 203, 189, 207, 214, 129, 7, 210, 44, 28, 185, 328, 242, 225, 103, 201, 63]"
MAKUHITA,335,72,60,30,25,20,30,1,1,"[5, 25, 34, 38, 68, 69, 102, 118, 157, 164, 223, 173, 203, 189, 8, 207, 214, 9, 7, 33, 116, 28, 292, 233, 252, 18, 282, 265, 187, 179]"
HARIYAMA,336,144,120,60,50,40,60,1,1,"[5, 25, 34, 38, 68, 69, 102, 118, 157, 164, 223, 173, 203, 189, 8, 207, 214, 9, 7, 33, 116, 28, 292, 233, 252, 18, 282, 265, 187, 179]"
ELECTRIKE,337,40,45,40,65,65,40,13,13,"[34, 38, 102, 86, 164, 173, 203, 189, 207, 214, 129, 33, 43, 336, 98, 209, 316, 46, 44, 87, 268]"
MANECTRIC,338,70,75,60,105,105,60,13,13,"[34, 38, 102, 86, 164, 173, 203, 189, 207, 214, 129, 33, 43, 336, 98, 209, 316, 46, 44, 87, 268]"
NUMEL,339,60,60,40,35,65,45,10,4,"[34, 38, 102, 157, 164, 205, 173, 203, 189, 207, 214, 111, 45, 33, 52, 222, 116, 36, 133, 89, 53]"
CAMERUPT,340,70,100,70,40,105,75,10,4,"[34, 38, 102, 153, 157, 164, 205, 173, 203, 189, 207, 214, 111, 45, 33, 52, 222, 116, 36, 133, 89, 284, 90]"
SPHEAL,341,70,40,50,25,55,50,15,11,"[34, 38, 102, 157, 164, 205, 173, 196, 203, 189, 207, 214, 111, 181, 45, 55, 227, 301, 62, 258, 156, 59, 329]"
SEALEO,342,90,60,70,45,75,70,15,11,"[34, 38, 102, 157, 164, 205, 173, 196, 203, 189, 207, 214, 111, 181, 45, 55, 227, 301, 62, 258, 156, 59, 329]"
WALREIN,343,110,80,90,65,95,90,15,11,"[34, 38, 102, 157, 164, 205, 173, 196, 203, 189, 207, 214, 111, 181, 45, 55, 227, 301, 62, 258, 156, 59, 329]"
CACNEA,344,50,85,40,35,85,40,12,12,"[5, 14, 34, 38, 68, 69, 102, 164, 223, 173, 203, 189, 207, 214, 9, 210, 40, 43, 71, 74, 73, 28, 42, 275, 185, 191, 302, 178, 201]"
CACTURNE,345,70,115,60,55,115,60,12,17,"[5, 14, 25, 34, 38, 68, 69, 102, 164, 223, 173, 203, 189, 207, 214, 9, 210, 40, 43, 71, 74, 73, 28, 42, 275, 185, 191, 302, 178, 201]"
SNORUNT,346,50,50,50,50,50,50,15,15,"[34, 38, 102, 164, 173, 196, 203, 207, 214, 181, 43, 104, 44, 29, 182, 242, 58, 258, 59]"
GLALIE,347,80,80,80,80,80,80,15,15,"[34, 38, 102, 153, 164, 205, 173, 196, 203, 207, 214, 111, 181, 43, 104, 44, 29, 182, 242, 58, 258, 59, 329]"
LUNATONE,348,70,55,65,70,95,85,5,14,"[34, 38, 102, 138, 153, 157, 164, 205, 244, 173, 203, 207, 214, 129, 111, 33, 106, 93, 88, 95, 149, 322, 94, 248]"
SOLROCK,349,70,95,85,70,55,65,5,14,"[34, 38, 102, 138, 153, 157, 164, 205, 244, 173, 203, 207, 214, 129, 111, 33, 106, 93, 88, 83, 149, 322, 76]"
AZURILL,350,50,20,40,20,20,40,0,0,"[34, 38, 102, 164, 205, 173, 196, 203, 189, 207, 214, 129, 111, 150, 204, 39, 145, 21, 55]"
SPOINK,351,60,25,35,60,70,80,14,14,"[34, 38, 102, 138, 164, 244, 173, 196, 203, 207, 214, 129, 150, 149, 316, 60, 109, 277, 94, 156, 340]"
GRUMPIG,352,80,45,65,80,90,110,14,14,"[5, 25, 34, 38, 68, 69, 102, 138, 164, 223, 244, 173, 196, 203, 189, 8, 207, 214, 129, 9, 7, 150, 149, 316, 60, 109, 277, 94, 156, 340]"
PLUSLE,353,60,50,40,95,85,75,13,13,"[5, 25, 34, 38, 68, 69, 102, 118, 86, 164, 223, 205, 173, 203, 189, 207, 214, 129, 111, 9, 45, 98, 270, 209, 227, 313, 268, 87, 226, 97]"
MINUN,354,60,40,50,95,75,85,13,13,"[5, 25, 34, 38, 68, 69, 102, 118, 86, 164, 223, 205, 173, 203, 189, 207, 214, 129, 111, 9, 45, 98, 270, 209, 227, 204, 268, 87, 226, 97]"
MAWILE,355,50,85,85,50,55,55,8,8,"[5, 14, 25, 34, 38, 68, 69, 102, 157, 164, 223, 244, 173, 196, 203, 189, 8, 207, 214, 9, 310, 313, 44, 230, 11, 185, 226, 242, 334, 254, 256, 255]"
MEDITITE,356,30,40,55,60,40,55,1,14,"[5, 25, 34, 38, 68, 69, 102, 118, 138, 164, 223, 244, 173, 203, 189, 8, 207, 214, 129, 9, 7, 117, 96, 93, 197, 237, 170, 347, 136, 179, 105]"
MEDICHAM,357,60,60,75,80,60,75,1,14,"[5, 25, 34, 38, 68, 69, 102, 118, 138, 157, 164, 223, 244, 173, 203, 189, 8, 207, 214, 129, 9, 7, 117, 96, 93, 197, 237, 170, 347, 136, 179, 105]"
SWABLU,358,45,40,60,50,40,75,0,2,"[34, 38, 102, 138, 164, 244, 173, 203, 189, 207, 214, 129, 64, 45, 310, 47, 31, 219, 54, 36, 119, 287, 195]"
ALTARIA,359,75,70,90,80,70,105,16,2,"[34, 38, 102, 138, 164, 244, 173, 203, 189, 207, 214, 129, 64, 45, 310, 47, 31, 219, 54, 36, 225, 349, 287, 195, 143]"
WYNAUT,360,95,23,48,23,23,48,14,14,"[150, 204, 227, 68, 243, 219, 194]"
DUSKULL,361,20,40,90,25,30,90,7,7,"[34, 38, 102, 138, 164, 244, 173, 196, 203, 207, 214, 43, 101, 50, 193, 310, 109, 228, 174, 261, 212, 248]"
DUSCLOPS,362,40,70,130,25,60,130,7,7,"[5, 25, 34, 38, 68, 69, 102, 118, 138, 157, 164, 223, 244, 173, 196, 203, 189, 8, 207, 214, 9, 7, 20, 43, 101, 50, 193, 310, 109, 228, 174, 325, 261, 212, 248]"
ROSELIA,363,50,60,45,65,100,80,12,3,"[14, 34, 38, 102, 164, 244, 173, 203, 189, 207, 214, 129, 210, 71, 74, 40, 78, 72, 73, 345, 320, 202, 230, 275, 92, 80, 312, 235]"
SLAKOTH,364,60,60,60,30,35,35,0,0,"[5, 25, 34, 38, 68, 69, 102, 157, 164, 223, 173, 196, 203, 189, 8, 207, 214, 9, 7, 210, 10, 281, 227, 303, 185, 133, 343, 175]"
VIGOROTH,365,80,80,80,90,55,55,0,0,"[5, 25, 34, 38, 68, 69, 102, 157, 164, 223, 173, 196, 203, 189, 8, 207, 214, 9, 7, 210, 10, 116, 227, 253, 154, 163, 264, 179]"
SLAKING,366,150,160,100,100,95,65,0,0,"[5, 25, 34, 38, 68, 69, 102, 157, 164, 223, 173, 196, 203, 189, 8, 207, 214, 9, 7, 210, 10, 281, 227, 303, 185, 133, 343, 175]"
GULPIN,367,70,43,53,40,43,53,3,3,"[34, 38, 68, 102, 138, 153, 164, 223, 205, 173, 203, 189, 8, 207, 214, 111, 9, 7, 1, 281, 139, 124, 133, 227, 92, 254, 255, 256, 188]"
SWALOT,368,100,73,83,55,73,83,3,3,"[34, 38, 68, 102, 138, 153, 164, 223, 205, 173, 203, 189, 8, 207, 214, 111, 9, 7, 1, 281, 139, 124, 133, 227, 92, 254, 255, 256, 188]"
TROPIUS,369,99,68,83,51,72,87,12,2,"[14, 34, 38, 102, 164, 173, 203, 189, 207, 214, 210, 43, 16, 74, 75, 23, 230, 18, 345, 76, 235]"
WHISMUR,370,64,51,23,28,51,23,0,0,"[5, 25, 34, 38, 68, 69, 102, 164, 223, 205, 244, 173, 196, 203, 189, 8, 207, 214, 111, 9, 7, 1, 253, 310, 336, 48, 23, 103, 46, 156, 304]"
LOUDRED,371,84,71,43,48,71,43,0,0,"[5, 25, 34, 38, 68, 69, 102, 157, 164, 223, 205, 244, 173, 196, 203, 189, 8, 207, 214, 111, 9, 7, 1, 253, 310, 336, 48, 23, 103, 46, 156, 304]"
EXPLOUD,372,104,91,63,68,91,63,0,0,"[5, 25, 34, 38, 68, 69, 102, 157, 164, 223, 205, 244, 173, 196, 203, 189, 8, 207, 214, 111, 9, 7, 1, 253, 310, 336, 48, 23, 103, 63, 46, 156, 304]"
CLAMPERL,373,35,64,85,32,74,55,11,11,"[34, 38, 102, 164, 173, 196, 203, 207, 214, 128, 55, 250, 334]"
HUNTAIL,374,55,104,105,52,94,75,11,11,"[34, 38, 102, 164, 173, 196, 203, 189, 207, 214, 129, 250, 44, 103, 352, 184, 242, 226, 56]"
GOREBYSS,375,55,84,105,52,114,75,11,11,"[34, 38, 102, 164, 173, 196, 203, 189, 207, 214, 129, 250, 93, 97, 352, 133, 94, 226, 56]"
ABSOL,376,65,130,60,75,75,60,17,17,"[14, 34, 38, 68, 102, 138, 86, 157, 164, 244, 173, 196, 203, 189, 207, 214, 129, 210, 10, 43, 269, 98, 13, 44, 104, 163, 248, 195]"
SHUPPET,377,44,75,35,45,63,33,7,7,"[34, 38, 102, 138, 86, 164, 244, 173, 196, 203, 207, 214, 282, 103, 101, 174, 180, 261, 185, 247, 289, 288]"
BANETTE,378,64,115,65,65,83,63,7,7,"[34, 38, 102, 118, 138, 86, 164, 244, 173, 196, 203, 189, 207, 214, 282, 103, 101, 174, 180, 261, 185, 247, 289, 288]"
SEVIPER,379,73,100,60,65,100,60,3,3,"[34, 38, 102, 164, 173, 203, 189, 207, 214, 129, 210, 35, 122, 44, 342, 103, 137, 242, 305, 114]"
ZANGOOSE,380,73,115,60,90,60,60,0,0,"[5, 14, 25, 34, 38, 68, 69, 102, 86, 157, 164, 223, 205, 173, 196, 203, 189, 8, 207, 214, 129, 111, 9, 7, 210, 10, 43, 98, 163, 228, 306, 269, 197, 206]"
RELICANTH,381,100,90,130,55,45,65,11,5,"[34, 38, 102, 157, 164, 244, 173, 196, 203, 189, 207, 214, 33, 106, 55, 317, 281, 36, 300, 246, 156, 56]"
ARON,382,50,70,100,30,40,40,8,5,"[34, 38, 102, 157, 164, 205, 173, 203, 189, 207, 214, 111, 210, 33, 106, 29, 232, 334, 46, 36, 231, 182, 319]"
LAIRON,383,60,90,140,40,50,50,8,5,"[34, 38, 102, 157, 164, 205, 173, 203, 189, 207, 214, 111, 210, 33, 106, 29, 232, 334, 46, 36, 231, 182, 319]"
AGGRON,384,70,110,180,50,60,60,8,5,"[5, 25, 34, 38, 68, 69, 102, 86, 157, 164, 223, 205, 173, 196, 203, 189, 8, 207, 214, 111, 9, 7, 210, 33, 106, 29, 232, 334, 46, 36, 231, 182, 319]"
CASTFORM,385,70,70,70,70,70,70,0,0,"[34, 38, 102, 86, 164, 244, 173, 196, 203, 207, 214, 129, 111, 33, 55, 52, 181, 240, 241, 258, 311]"
VOLBEAT,386,65,73,55,85,47,75,6,6,"[5, 25, 34, 38, 68, 69, 102, 118, 86, 164, 223, 244, 173, 203, 189, 8, 207, 214, 129, 9, 33, 109, 104, 236, 98, 294, 324, 182, 270]"
ILLUMISE,387,65,47,55,85,73,75,6,6,"[5, 25, 34, 38, 68, 69, 102, 118, 86, 164, 223, 244, 173, 203, 189, 8, 207, 214, 129, 9, 33, 230, 204, 236, 98, 273, 227, 260, 270, 343]"
LILEEP,388,66,41,77,23,61,87,5,12,"[34, 38, 102, 157, 164, 244, 173, 203, 189, 207, 214, 310, 132, 51, 275, 109, 133, 246, 254, 255, 256]"
CRADILY,389,86,81,97,43,81,107,5,12,"[34, 38, 102, 157, 164, 244, 173, 203, 189, 207, 214, 310, 132, 51, 275, 109, 133, 246, 254, 255, 256]"
ANORITH,390,45,95,50,75,40,50,5,6,"[14, 34, 38, 102, 157, 164, 173, 203, 189, 207, 214, 210, 10, 106, 300, 55, 232, 182, 246, 163, 350]"
ARMALDO,391,75,125,100,45,70,80,5,6,"[14, 34, 38, 69, 102, 157, 164, 173, 203, 189, 207, 214, 210, 10, 106, 300, 55, 232, 182, 246, 163, 350]"
RALTS,392,28,25,25,40,45,35,14,14,"[34, 38, 102, 138, 86, 164, 244, 173, 196, 203, 189, 8, 207, 214, 111, 9, 7, 45, 93, 104, 100, 347, 94, 286, 248, 95]"
KIRLIA,393,38,35,35,50,65,55,14,14,"[34, 38, 102, 138, 86, 164, 244, 173, 196, 203, 189, 8, 207, 214, 111, 9, 7, 45, 93, 104, 100, 347, 94, 286, 248, 95]"
GARDEVOIR,394,68,65,65,80,125,115,14,14,"[34, 38, 102, 138, 86, 164, 244, 173, 196, 203, 189, 8, 207, 214, 111, 9, 7, 45, 93, 104, 100, 347, 94, 286, 248, 95]"
BAGON,395,45,75,60,50,40,30,16,16,"[34, 38, 102, 157, 164, 173, 203, 189, 207, 214, 210, 99, 44, 43, 29, 116, 52, 225, 184, 242, 337]"
SHELGON,396,65,95,100,50,60,50,16,16,"[34, 38, 102, 157, 164, 205, 173, 203, 189, 207, 214, 111, 210, 99, 44, 43, 29, 116, 52, 182, 225, 184, 242, 337]"
SALAMENCE,397,95,135,80,100,110,80,16,2,"[34, 38, 102, 157, 164, 205, 173, 203, 189, 207, 214, 129, 111, 210, 99, 44, 43, 29, 116, 52, 182, 225, 184, 19, 242, 337]"
BELDUM,398,40,55,80,30,35,60,8,14,[36]
METANG,399,60,75,100,50,55,80,8,14,"[34, 38, 102, 153, 157, 164, 223, 205, 244, 173, 196, 203, 189, 8, 207, 214, 129, 111, 9, 210, 36, 93, 232, 184, 228, 94, 334, 309, 97, 63]"
METAGROSS,400,80,135,130,70,95,90,8,14,"[34, 38, 102, 153, 157, 164, 223, 205, 244, 173, 196, 203, 189, 8, 207, 214, 129, 111, 9, 210, 36, 93, 232, 184, 228, 94, 334, 309, 97, 63]"
REGIROCK,401,80,100,200,50,50,100,5,5,"[5, 25, 34, 38, 68, 69, 102, 86, 153, 157, 164, 223, 205, 244, 173, 203, 189, 8, 207, 214, 111, 9, 7, 88, 174, 276, 246, 334, 192, 199, 63]"
REGICE,402,80,50,100,50,100,200,15,15,"[5, 25, 34, 38, 68, 69, 102, 86, 153, 157, 164, 223, 205, 244, 173, 196, 203, 189, 8, 207, 214, 111, 9, 174, 276, 246, 133, 192, 199, 63]"
REGISTEEL,403,80,75,150,50,75,150,8,8,"[5, 25, 34, 38, 68, 69, 102, 86, 153, 157, 164, 223, 205, 244, 173, 203, 189, 8, 207, 214, 111, 9, 232, 174, 276, 246, 334, 133, 192, 199, 63]"
KYOGRE,404,100,100,90,90,150,140,11,11,"[34, 38, 102, 86, 157, 164, 244, 173, 196, 203, 189, 207, 214, 129, 111, 352, 184, 246, 347, 58, 56, 156, 329, 323]"
GROUDON,405,100,150,140,90,100,90,4,4,"[5, 14, 25, 34, 38, 68, 69, 102, 86, 157, 164, 223, 205, 244, 173, 203, 189, 207, 214, 129, 111, 9, 7, 210, 341, 184, 246, 163, 339, 89, 126, 156, 90, 76, 284]"
RAYQUAZA,406,105,150,90,95,150,90,16,2,"[34, 38, 102, 86, 157, 164, 244, 173, 196, 203, 189, 207, 214, 129, 210, 239, 184, 246, 337, 349, 242, 19, 156, 245, 200, 63]"
LATIAS,407,80,80,90,110,110,130,16,14,"[34, 38, 102, 138, 86, 164, 244, 173, 196, 203, 189, 207, 214, 129, 210, 149, 273, 270, 219, 225, 346, 287, 296, 94, 105, 204]"
LATIOS,408,80,90,80,110,130,110,16,14,"[34, 38, 102, 138, 86, 164, 244, 173, 196, 203, 189, 207, 214, 129, 210, 149, 262, 270, 219, 225, 182, 287, 295, 94, 105, 349]"
JIRACHI,409,100,100,100,100,100,100,8,14,"[34, 38, 102, 118, 138, 86, 164, 223, 244, 173, 196, 203, 189, 8, 207, 214, 129, 111, 9, 7, 273, 93, 156, 270, 94, 287, 248, 322, 353]"
DEOXYS,410,50,150,50,150,150,50,14,14,"[5, 25, 34, 38, 68, 69, 102, 138, 86, 157, 164, 223, 244, 173, 196, 203, 189, 8, 207, 214, 129, 9, 7, 43, 35, 101, 104, 282, 228, 94, 97, 105, 354, 245]"
CHIMECHO,411,65,50,70,65,95,80,14,14,"[38, 102, 138, 164, 205, 244, 173, 196, 203, 207, 214, 111, 35, 45, 310, 93, 36, 253, 281, 149, 215, 219, 94]"
